<?xml version="1.0" encoding="UTF-8"?>
<project xmlns="http://maven.apache.org/POM/4.0.0" xmlns:xsi="http://www.w3.org/2001/XMLSchema-instance" xsi:schemaLocation="http://maven.apache.org/POM/4.0.0 http://maven.apache.org/maven-v4_0_0.xsd">
  <modelVersion>4.0.0</modelVersion>
  <groupId>helloworld</groupId>
  <artifactId>HelloWorld</artifactId>
  <name>A sample Hello World created for SAM CLI.</name>
  <version>1.0</version>
  <build>
    <plugins>
      <plugin>
        <artifactId>maven-shade-plugin</artifactId>
        <version>3.2.4</version>
        <executions>
          <execution>
            <phase>package</phase>
            <goals>
              <goal>shade</goal>
            </goals>
          </execution>
        </executions>
        <configuration />
      </plugin>
    </plugins>
  </build>
  <properties>
    <maven.compiler.target>11</maven.compiler.target>
    <maven.compiler.source>11</maven.compiler.source>
  </properties>
</project>
