<?xml version="1.0" encoding="UTF-8"?>
<project xmlns="http://maven.apache.org/POM/4.0.0" xmlns:xsi="http://www.w3.org/2001/XMLSchema-instance" xsi:schemaLocation="http://maven.apache.org/POM/4.0.0 http://maven.apache.org/maven-v4_0_0.xsd">
  <modelVersion>4.0.0</modelVersion>
  <groupId>helloworld</groupId>
  <artifactId>HelloWorld</artifactId>
  <name>A sample Hello World created for SAM CLI.</name>
  <version>1.0</version>
  <build>
    <plugins>
      <plugin>
        <artifactId>maven-shade-plugin</artifactId>
        <version>3.2.4</version>
        <executions>
          <execution>
            <phase>package</phase>
            <goals>
              <goal>shade</goal>
            </goals>
          </execution>
        </executions>
        <configuration />
      </plugin>
    </plugins>
  </build>
  <repositories>
    <repository>
      <id>dynamodblocal</id>
      <name>AWS DynamoDB Local Release Repository</name>
      <url>https://s3-us-west-2.amazonaws.com/dynamodb-local/release</url>
    </repository>
  </repositories>
  <dependencies>
    <dependency>
      <groupId>org.mockito</groupId>
      <artifactId>mockito-core</artifactId>
      <version>5.2.0</version>
      <scope>test</scope>
      <exclusions>
        <exclusion>
          <artifactId>byte-buddy</artifactId>
          <groupId>net.bytebuddy</groupId>
        </exclusion>
        <exclusion>
          <artifactId>byte-buddy-agent</artifactId>
          <groupId>net.bytebuddy</groupId>
        </exclusion>
        <exclusion>
          <artifactId>objenesis</artifactId>
          <groupId>org.objenesis</groupId>
        </exclusion>
      </exclusions>
    </dependency>
  </dependencies>
  <properties>
    <maven.compiler.target>11</maven.compiler.target>
    <maven.compiler.source>11</maven.compiler.source>
  </properties>
</project>
